id,y,x0,x1,x2
133,1,0.254879,-1.046633,0.209656
273,1,-1.142928,-0.781198,-1.166747
175,1,-1.451067,-1.406518,-1.456564
551,1,-0.879933,0.420589,-0.877527
199,0,0.426758,0.723479,0.316885
274,0,0.963102,1.467675,0.829202
420,1,-0.662496,0.212149,-0.620475